,XETHZEUR_price,volume
2017-05-25 10:09:13.434000000,174.10002,0.10619000
2017-05-25 10:09:13.847900000,174.15000,0.46469300
2017-05-25 10:09:19.440000000,174.15000,12.33182400
2017-05-25 10:09:21.493800000,174.15000,0.02858947
2017-05-25 10:09:21.739700000,174.15000,0.25590000
2017-05-25 10:09:36.273900000,174.15000,2.52001700
2017-05-25 10:09:40.949400000,174.15000,8.14814881
2017-05-25 10:09:40.967700000,174.19000,6.64873019
2017-05-25 10:09:41.926700000,174.19000,2.18971500
2017-05-25 10:09:48.297500000,174.19000,8.61128652
2017-05-25 10:09:53.396300000,174.15000,5.00000000
2017-05-25 10:09:53.412800000,174.19000,0.37980000
2017-05-25 10:09:53.580100000,174.19000,4.65146900
2017-05-25 10:09:53.964500000,174.19000,4.65146800
2017-05-25 10:09:53.979400000,174.19000,2.67086200
2017-05-25 10:09:54.997300000,174.19000,7.54226300
2017-05-25 10:10:20.722400000,174.19000,6.00000000
2017-05-25 10:10:24.772500000,174.19000,2.85209079
2017-05-25 10:10:45.407300000,174.15001,0.10070955
2017-05-25 10:10:45.424700000,174.15000,1.14646116
2017-05-25 10:10:53.079500000,174.15002,0.09997243
2017-05-25 10:10:53.104400000,174.15001,2.48300000
2017-05-25 10:10:53.121700000,174.15000,8.85353884
2017-05-25 10:10:53.140500000,174.10002,2.76228620
2017-05-25 10:10:53.158200000,174.10000,1.00000000
2017-05-25 10:10:53.519700000,174.00013,0.20590000
2017-05-25 10:10:53.632300000,174.00011,0.00100000
2017-05-25 10:10:53.650800000,174.00000,34.87024252
2017-05-25 10:10:55.110200000,174.00000,7.98920919
2017-05-25 10:11:02.315700000,174.00000,0.62479000
2017-05-25 10:11:02.646200000,174.00000,0.12422800
2017-05-25 10:11:11.738600000,173.99999,1.38993334
2017-05-25 10:11:11.758800000,174.00000,5.15830266
2017-05-25 10:11:25.095000000,173.99999,1.38993334
2017-05-25 10:11:25.115500000,174.00000,46.97868066
2017-05-25 10:11:26.232300000,174.00000,2.66867400
2017-05-25 10:11:26.711400000,174.00000,44.85622594
2017-05-25 10:11:26.729900000,174.19000,38.56946906
2017-05-25 10:11:26.771800000,174.19000,36.63506400
2017-05-25 10:11:28.873800000,174.19000,177.70000100
2017-05-25 10:11:29.437200000,174.19000,0.20000000
2017-05-25 10:11:31.097800000,174.19000,2.30826900
2017-05-25 10:11:36.429200000,174.19000,22.79742300
2017-05-25 10:11:38.325400000,174.19000,5.75000000
2017-05-25 10:11:41.378100000,174.19000,2.87000000
2017-05-25 10:11:48.280900000,174.19000,12.25370796
2017-05-25 10:11:53.206200000,174.19000,2.85350000
2017-05-25 10:11:59.477800000,174.19000,0.66019863
2017-05-25 10:12:08.821100000,174.18999,1.22327570
2017-05-25 10:12:08.849600000,174.19000,0.14018530
2017-05-25 10:12:13.652000000,174.19000,0.01377000
2017-05-25 10:12:22.504600000,174.19000,1.50169059
2017-05-25 10:12:25.610800000,174.19000,2.00307338
2017-05-25 10:12:38.284000000,174.19000,0.18730000
2017-05-25 10:12:40.079000000,174.19000,2.85457419
2017-05-25 10:12:46.366500000,174.18999,0.13017575
2017-05-25 10:12:46.387000000,174.19000,10.85640025
2017-05-25 10:12:48.132399999,174.19000,1.54100000
2017-05-25 10:12:51.183600000,174.19000,2.50874414
2017-05-25 10:13:22.336200000,174.19000,3.00000000
2017-05-25 10:13:44.757600000,174.01002,0.00100000
2017-05-25 10:13:44.775200000,174.01001,0.24030000
2017-05-25 10:13:44.791000000,174.01000,0.33894603
2017-05-25 10:13:44.807300000,174.00001,0.46956466
2017-05-25 10:13:44.821500000,174.00000,18.88448825
2017-05-25 10:13:44.825300000,174.00000,6.00000000
2017-05-25 10:13:50.828500000,174.00000,0.86157000
2017-05-25 10:13:51.190600000,174.00000,0.25820000
2017-05-25 10:13:56.373500000,174.00000,2.52360000
2017-05-25 10:13:57.508499999,174.00000,1.06930000
2017-05-25 10:13:59.715700000,174.00000,0.47003470
2017-05-25 10:14:02.490000000,174.00000,11.83785000
2017-05-25 10:14:03.729200000,173.99999,1.34661382
2017-05-25 10:14:03.747300000,174.00000,1.40833218
2017-05-25 10:14:08.466500000,174.00000,9.03084200
2017-05-25 10:14:11.050400000,174.00000,4.37102600
2017-05-25 10:14:20.473000000,174.00000,10.35005400
2017-05-25 10:14:28.726900000,173.99999,0.30270000
2017-05-25 10:14:33.604900000,173.99999,1.04391382
2017-05-25 10:14:33.625400000,174.00000,0.63898618
2017-05-25 10:14:39.985900000,173.99999,1.11055200
2017-05-25 10:14:40.536900000,173.99999,0.23606182
2017-05-25 10:14:40.555200000,174.00000,2.78012418
2017-05-25 10:14:42.614000000,174.00000,82.00489700
2017-05-25 10:14:49.238800000,173.99999,1.34661382
2017-05-25 10:14:49.251400000,174.00000,38.87977011
2017-05-25 10:14:49.887700000,174.00000,0.16700000
2017-05-25 10:14:50.465300000,174.00000,11.21661700
2017-05-25 10:14:54.737700000,174.00000,1.43000000
2017-05-25 10:15:07.550800000,173.99999,0.73815799
2017-05-25 10:15:07.625900000,174.00000,2.76184201
2017-05-25 10:15:11.550900000,174.00000,2.85942359
2017-05-25 10:15:12.601000000,174.00000,0.32010000
2017-05-25 10:15:16.931900000,174.00000,4.20605700
2017-05-25 10:15:20.828000000,174.00000,1.65626523
2017-05-25 10:15:29.706600000,173.99000,0.29310000
2017-05-25 10:15:44.810000000,173.99000,17.63421151
2017-05-25 10:15:44.830400000,173.99999,0.90497685
2017-05-25 10:15:44.835900000,173.99999,0.90497685
2017-05-25 10:15:44.851600000,174.00000,63.50457979
2017-05-25 10:16:05.082700000,174.00000,38.13879097
2017-05-25 10:16:22.275100000,174.00000,254.13748900
2017-05-25 10:16:22.639400000,174.00000,16.40670300
2017-05-25 10:16:23.078500000,174.00000,0.41390500
2017-05-25 10:16:27.336600000,174.00000,0.54173900
2017-05-25 10:16:40.350400000,174.00000,152.62450700
2017-05-25 10:16:41.232400000,174.00000,0.29633400
2017-05-25 10:16:44.574600000,174.00000,5.68425900
2017-05-25 10:16:44.591400000,174.00000,0.16120000
2017-05-25 10:16:45.091000000,174.00000,5.90874100
2017-05-25 10:16:45.929200000,173.99999,0.04000000
2017-05-25 10:16:45.936400000,173.99999,0.02900000
2017-05-25 10:16:48.301200000,174.00000,0.15000000
2017-05-25 10:16:50.999600000,174.00000,1.77480000
2017-05-25 10:16:54.507300000,173.99999,0.56489730
2017-05-25 10:17:01.008500000,173.99999,2.23966270
2017-05-25 10:17:01.024000000,173.99000,11.00000000
2017-05-25 10:17:01.038400000,173.91304,0.00100000
2017-05-25 10:17:01.052900000,173.91302,0.00100000
2017-05-25 10:17:01.071800000,173.91300,0.00100000
2017-05-25 10:17:01.276900000,173.91291,0.46250000
2017-05-25 10:17:01.290500000,173.91290,5.75000474
2017-05-25 10:17:01.305200000,173.33153,2.31210000
2017-05-25 10:17:01.318800000,173.33152,2.77455814
2017-05-25 10:17:01.331700000,173.33109,1.02743698
2017-05-25 10:17:01.509200000,173.00000,0.31000000
2017-05-25 10:17:01.514200000,173.00000,11.56069364
2017-05-25 10:17:01.519700000,173.00000,0.10000000
2017-05-25 10:17:01.537600000,172.70001,1.46004380
2017-05-25 10:17:01.550400000,172.70001,1.00000000
2017-05-25 10:17:03.357500000,174.00000,0.15059965
2017-05-25 10:17:03.488700000,174.00000,2.11071687
2017-05-25 10:17:04.834200000,174.00000,1.05535843
2017-05-25 10:17:08.449000000,174.00000,76.42594616
2017-05-25 10:17:26.474900000,174.00000,1.43678160
2017-05-25 10:17:30.031000000,174.00000,5.00000000
2017-05-25 10:17:36.660500000,173.91307,0.10798596
2017-05-25 10:17:36.677800000,173.91306,1.52331594
2017-05-25 10:17:54.667800000,174.00000,0.52122600
2017-05-25 10:18:05.685000000,174.00000,39.02996823
2017-05-25 10:18:31.734400000,173.91306,0.00100000
2017-05-25 10:18:31.749300000,173.33166,0.05550000
2017-05-25 10:19:03.434100000,173.99998,0.57471264
2017-05-25 10:19:21.800400000,173.99997,0.59195402
2017-05-25 10:19:22.689300000,173.00002,0.00100000
2017-05-25 10:19:22.695900000,173.00002,0.22666241
2017-05-25 10:19:22.699400000,173.00002,1.07233759
2017-05-25 10:19:34.598900000,173.99997,1.38890312
2017-05-25 10:19:34.612000000,173.99998,46.01246735
2017-05-25 10:19:34.996700000,173.99998,6.36327321
2017-05-25 10:20:16.352700000,173.99997,1.31974715
2017-05-25 10:20:19.637400000,173.99997,0.98392491
2017-05-25 10:20:20.673100000,173.99997,0.53300000
2017-05-25 10:20:29.350300000,173.99997,0.52204789
2017-05-25 10:20:29.405700000,173.99997,0.14307146
2017-05-25 10:20:33.721400000,173.99997,1.32392900
2017-05-25 10:20:40.638000000,173.99999,1.00000000
2017-05-25 10:20:52.717800000,173.99998,1.80888930
2017-05-25 10:20:56.427600000,173.99998,0.20689290
2017-05-25 10:20:57.548100000,173.99999,2.00000000
2017-05-25 10:21:22.481300000,173.99999,0.15370000
2017-05-25 10:21:27.036500000,173.99999,0.83190000
2017-05-25 10:21:30.011500000,174.00000,13.00000000
2017-05-25 10:21:30.017900000,174.00000,0.61912000
2017-05-25 10:21:30.022500000,174.00000,2.60000000
2017-05-25 10:21:37.808100000,174.18999,1.00469330
2017-05-25 10:21:37.823800000,174.19000,4.41017570
2017-05-25 10:21:44.479000000,174.19000,6.11037200
2017-05-25 10:21:44.537800000,174.19000,38.66584000
2017-05-25 10:21:46.353500000,174.19000,5.11567500
2017-05-25 10:21:47.339700000,174.00000,10.50000000
2017-05-25 10:21:49.837500000,174.19000,1.93234000
2017-05-25 10:21:50.529900000,174.19000,1.94548900
2017-05-25 10:21:51.957600000,174.18999,1.88956406
2017-05-25 10:21:51.974900000,174.19000,9.31464894
2017-05-25 10:21:53.978800000,174.18998,0.05584893
2017-05-25 10:21:53.997100000,174.19000,4.95064507
2017-05-25 10:22:14.400600000,174.19000,17.31458500
2017-05-25 10:22:25.124500000,174.18999,0.64919485
2017-05-25 10:22:25.948800000,174.18999,0.30018236
2017-05-25 10:22:42.388600000,174.19000,0.28281722
2017-05-25 10:22:44.933400000,174.19000,0.28281722
2017-05-25 10:23:01.414100000,174.19000,5.70000000
2017-05-25 10:23:18.888500000,174.19000,10.38850812
2017-05-25 10:23:18.903400000,174.84990,2.09632378
2017-05-25 10:23:18.920300000,174.85000,1.00000000
2017-05-25 10:23:18.935300000,174.98999,1.04816189
2017-05-25 10:23:18.952300000,174.99000,16.42563792
2017-05-25 10:23:18.993400000,175.00000,0.26558363
2017-05-25 10:23:19.008600000,175.00000,189.54918680
2017-05-25 10:23:19.012800000,175.00000,2.00000000
2017-05-25 10:23:19.017100000,175.00000,67.44059786
2017-05-25 10:24:01.310600000,174.20000,0.08434000
2017-05-25 10:24:03.952400000,174.20000,0.80016000
2017-05-25 10:24:03.971000000,174.10006,0.19922000
2017-05-25 10:24:11.558100000,175.00000,1.70000000
2017-05-25 10:24:11.739800000,174.10007,0.04961599
2017-05-25 10:24:11.756300000,174.10006,0.96048401
2017-05-25 10:24:21.399900000,174.10008,2.46200000
2017-05-25 10:24:39.803700000,174.99994,0.19922000
2017-05-25 10:24:39.823400000,175.00000,0.89940214
2017-05-25 10:24:39.943600000,175.00000,0.32994928
2017-05-25 10:24:40.189100000,174.20001,1.15429852
2017-05-25 10:24:43.171700000,174.20002,0.05442824
2017-05-25 10:24:43.288700000,174.20001,0.43777176
2017-05-25 10:25:06.439900000,174.20001,0.16837895
2017-05-25 10:25:06.558300000,174.20001,1.16663220
2017-05-25 10:25:14.077100000,174.20002,0.36903110
2017-05-25 10:25:35.771200000,174.99998,0.30000000
2017-05-25 10:25:56.243600000,174.99992,0.00240000
2017-05-25 10:26:22.748800000,174.20006,1.14449423
2017-05-25 10:26:23.067300000,174.99992,0.95808401
2017-05-25 10:26:23.079800000,174.99999,0.04191599
2017-05-25 10:26:38.557500000,174.25000,0.50000000
2017-05-25 10:26:39.813200000,174.25000,5.81396000
2017-05-25 10:26:44.247700000,174.70000,6.00000000
2017-05-25 10:26:44.258100000,174.70000,3.39499856
2017-05-25 10:26:44.264799999,174.70000,0.26048383
2017-05-25 10:26:52.620300000,174.70000,1.97420000
2017-05-25 10:26:53.453200000,175.00000,0.13158872
2017-05-25 10:26:53.460400000,175.00000,2.14139814
2017-05-25 10:26:59.677400000,174.70000,11.26671142
2017-05-25 10:26:59.697600000,174.25110,3.00440174
2017-05-25 10:27:00.306100000,175.00000,19.00000000
2017-05-25 10:27:28.074600000,174.90000,1.71428000
2017-05-25 10:27:32.838500000,174.32777,0.36790000
2017-05-25 10:27:38.894400000,174.90000,0.57145000
2017-05-25 10:27:52.106300000,174.90000,5.31357000
2017-05-25 10:27:52.119200000,174.99990,0.38100890
2017-05-25 10:28:08.539600000,174.99998,2.66600000
2017-05-25 10:28:15.580600000,175.00000,1.94742857
2017-05-25 10:28:23.930000000,174.99998,1.00337000
2017-05-25 10:28:28.302500000,174.99998,0.47250000
2017-05-25 10:28:34.341200000,174.99998,2.46693060
2017-05-25 10:28:39.460000000,175.00000,0.01400000
2017-05-25 10:28:42.268500000,175.00000,1.28500000
2017-05-25 10:29:00.851000000,174.99999,0.04411759
2017-05-25 10:29:04.478100000,174.99999,5.86878241
2017-05-25 10:29:04.494400000,174.99998,58.39119940
2017-05-25 10:29:04.498600000,174.99998,0.00100000
2017-05-25 10:29:04.511100000,174.59234,11.82599175
2017-05-25 10:29:04.524800000,174.59224,5.21437847
2017-05-25 10:29:04.537300000,174.30000,6.68604000
2017-05-25 10:29:04.582300000,174.25115,24.01341797
2017-05-25 10:29:14.751300000,174.99999,0.07473636
2017-05-25 10:29:14.761000000,174.99999,2.75080000
2017-05-25 10:29:14.775700000,175.00000,28.61217329
2017-05-25 10:29:14.780200000,175.00000,5.00000000
2017-05-25 10:29:14.825800000,175.00000,30.00000000
2017-05-25 10:29:21.368400000,175.18480,0.16411318
2017-05-25 10:29:21.383200000,175.23496,0.02951962
2017-05-25 10:29:27.003700000,175.23820,0.24319202
2017-05-25 10:29:36.486000000,175.00000,0.14921254
2017-05-25 10:29:36.699200000,175.23820,0.16449478
2017-05-25 10:29:36.717800000,175.27000,2.50067740
2017-05-25 10:29:41.159900000,175.00000,34.79120000
2017-05-25 10:29:53.639000000,175.00000,0.16195027
2017-05-25 10:30:09.448300000,175.00000,8.92813657
2017-05-25 10:30:09.458500000,175.00000,0.00100000
2017-05-25 10:30:09.478100000,174.50000,0.05000000
2017-05-25 10:30:09.493100000,174.25134,27.57500000
2017-05-25 10:30:09.507499999,174.25133,4.45486343
2017-05-25 10:30:11.024800000,175.27000,22.49932260
2017-05-25 10:30:12.410100000,175.28000,2.06383632
2017-05-25 10:30:44.672900000,175.00004,5.07240000
2017-05-25 10:30:44.688000000,175.00003,16.36500000
2017-05-25 10:30:44.699500000,175.00002,0.27644860
2017-05-25 10:30:44.712000000,175.00001,3.28615140
2017-05-25 10:30:51.807400000,175.00005,6.00000000
2017-05-25 10:30:53.882400000,175.28000,29.68782600
2017-05-25 10:30:54.369500000,175.28000,56.81818181
2017-05-25 10:31:06.401700000,175.00006,5.07240000
2017-05-25 10:31:06.410200000,175.00006,4.59020017
2017-05-25 10:31:06.424000000,175.00005,21.45700000
2017-05-25 10:31:06.431400000,175.00005,0.19911626
2017-05-25 10:31:06.446100000,174.25143,10.14493773
2017-05-25 10:31:06.460800000,174.25116,4.60992802
2017-05-25 10:31:06.475700000,174.20005,0.00100000
2017-05-25 10:31:06.519700000,174.10006,0.00100000
2017-05-25 10:31:06.533800000,174.10001,0.88450000
2017-05-25 10:31:06.548700000,174.10000,1.00000000
2017-05-25 10:31:06.563300000,174.00003,0.00100000
2017-05-25 10:31:06.577900000,174.00000,40.22988000
2017-05-25 10:31:06.585300000,174.00000,1.80922424
2017-05-25 10:31:06.590800000,174.00000,0.92416576
2017-05-25 10:31:06.773100000,173.99999,1.88658344
2017-05-25 10:31:06.788700000,173.99998,7.18906438
2017-05-25 10:31:12.805600000,175.27997,0.08746856
2017-05-25 10:31:12.831100000,175.27999,1.48167569
2017-05-25 10:31:12.849200000,175.28000,8.87897375
2017-05-25 10:31:52.846800000,175.27889,2.91333415
2017-05-25 10:31:52.865900000,175.27890,3.00440174
2017-05-25 10:31:52.869400000,175.27890,4.45359826
2017-05-25 10:31:52.884900000,175.28000,46.12584099
2017-05-25 10:31:55.311700000,173.99998,0.21640000
2017-05-25 10:31:58.313400000,175.28000,56.42534113
2017-05-25 10:31:58.324500000,175.33598,0.02951964
2017-05-25 10:31:58.334700000,175.38958,0.92323517
2017-05-25 10:31:58.344500000,175.38959,0.14584006
2017-05-25 10:31:58.349100000,175.38959,0.14584006
2017-05-25 10:32:09.567500000,174.50000,0.16670000
2017-05-25 10:32:09.693700000,175.27999,0.21307700
2017-05-25 10:32:12.922600000,174.50000,0.17360000
2017-05-25 10:32:16.256500000,175.27997,0.06000000
2017-05-25 10:32:17.480300000,175.49995,1.35000000
2017-05-25 10:32:24.368600000,175.49994,0.04000000
2017-05-25 10:32:25.480400000,175.27998,0.01890000
2017-05-25 10:32:26.458000000,175.49985,5.18290995
2017-05-25 10:32:26.478700000,175.49994,2.25577330
2017-05-25 10:32:26.484400000,175.49994,49.05849189
2017-05-25 10:32:28.752800000,175.27998,0.00126517
2017-05-25 10:32:29.392400000,175.27998,0.52830000
2017-05-25 10:32:32.812600000,175.49995,0.97276809
2017-05-25 10:32:41.363700000,175.27998,0.15000000
2017-05-25 10:32:48.549200000,175.27997,1.23662890
2017-05-25 10:32:55.565900000,175.27998,0.37590000
2017-05-25 10:32:55.965500000,175.27997,5.41993391
2017-05-25 10:32:57.703300000,175.27997,1.24000000
2017-05-25 10:33:08.621900000,175.27998,0.04240000
2017-05-25 10:33:09.303800000,175.27998,0.05858222
2017-05-25 10:33:09.407600000,175.27998,0.00100000
2017-05-25 10:33:09.425500000,175.27997,2.48041778
2017-05-25 10:33:16.787800000,175.27998,1.00000000
2017-05-25 10:33:23.511399999,175.27998,2.80110476
2017-05-25 10:33:23.590400000,175.27998,0.98929524
2017-05-25 10:33:23.612700000,175.27997,5.92749622
2017-05-25 10:33:24.336700000,175.27997,8.66239593
2017-05-25 10:33:24.353900000,175.27889,2.00000000
2017-05-25 10:33:32.501000000,175.27997,0.10000000
2017-05-25 10:33:34.565700000,175.27997,0.45764141
2017-05-25 10:33:34.569700000,175.27997,4.15070235
2017-05-25 10:33:34.584400000,175.27998,0.01378215
2017-05-25 10:33:42.236200000,175.49995,2.67723191
2017-05-25 10:33:42.255900000,175.49999,53.81994323
2017-05-25 10:33:45.869100000,175.27997,0.50000000
2017-05-25 10:33:51.617800000,175.27997,0.05764141
2017-05-25 10:33:51.674100000,175.49994,0.17553358
2017-05-25 10:33:54.910900000,175.49993,0.50349600
2017-05-25 10:33:55.039400000,175.49999,3.31844292
2017-05-25 10:34:00.219500000,175.49999,1.00000000
2017-05-25 10:34:36.361200000,175.49994,1.10000000
2017-05-25 10:34:47.318600000,175.49899,1.25113277
2017-05-25 10:34:47.333500000,175.49900,0.74886723
2017-05-25 10:34:49.694500000,175.28000,0.01119992
2017-05-25 10:34:49.717500000,175.28000,0.50259690
2017-05-25 10:34:54.638600000,175.49899,0.01820000
2017-05-25 10:34:54.659900000,175.49900,0.08596744
2017-05-25 10:35:16.347300000,175.28001,0.20295591
2017-05-25 10:35:16.354600000,175.28001,0.51234799
2017-05-25 10:35:25.110700000,175.28000,0.20620000
2017-05-25 10:35:49.270100000,175.28002,0.28900676
2017-05-25 10:35:54.659600000,175.28002,0.12927829
2017-05-25 10:36:00.055100000,175.49994,2.84195054
2017-05-25 10:36:00.072900000,175.49998,10.00000000
2017-05-25 10:36:00.088900000,175.50000,41.45870623
2017-05-25 10:36:00.093100000,175.50000,8.44970100
2017-05-25 10:36:00.096400000,175.50000,4.63183702
2017-05-25 10:36:12.575700000,175.50000,1.00000000
2017-05-25 10:36:24.709200000,175.30000,0.01020000
2017-05-25 10:36:34.632700000,175.30000,1.24477467
2017-05-25 10:36:52.136300000,175.49998,0.20167006
2017-05-25 10:36:52.141200000,175.49998,0.22723457
2017-05-25 10:36:52.150600000,175.49999,0.14088537
2017-05-25 10:36:55.608200000,175.49999,0.75000000
2017-05-25 10:36:55.922000000,175.49999,2.08498200
2017-05-25 10:36:56.753800000,175.49999,0.10400000
2017-05-25 10:37:00.962000000,175.50000,14.57440900
2017-05-25 10:37:01.671400000,175.50000,5.00000000
2017-05-25 10:37:03.232800000,175.50000,0.13999100
2017-05-25 10:37:11.286800000,175.49999,1.03404200
2017-05-25 10:37:11.305400000,175.49994,3.00000000
2017-05-25 10:37:20.349000000,175.30000,15.13095800
2017-05-25 10:37:20.370000000,175.50000,36.07806298
2017-05-25 10:37:20.374900000,175.50000,5.28815416
2017-05-25 10:37:30.470800000,175.28013,0.48896996
2017-05-25 10:37:30.487400000,175.28012,0.00100000
2017-05-25 10:37:30.502600000,175.28002,0.00100000
2017-05-25 10:37:30.517499999,175.28000,1.42873004
2017-05-25 10:37:35.141700000,175.28000,0.70041419
2017-05-25 10:37:35.161800000,175.00000,0.57142000
2017-05-25 10:37:35.166500000,175.00000,0.85142000
2017-05-25 10:37:49.451900000,175.00000,1.02300000
2017-05-25 10:37:49.792900000,175.00000,16.85374581
2017-05-25 10:37:49.808200000,175.28012,1.02210501
2017-05-25 10:37:49.822600000,175.49989,0.10331402
2017-05-25 10:37:49.838700000,175.50000,14.12977825
2017-05-25 10:37:49.844500000,175.50000,5.00000000
2017-05-25 10:37:49.861300000,175.50999,5.69870041
2017-05-25 10:37:49.893400000,175.51000,1.00000000
2017-05-25 10:37:49.908700000,175.54721,2.12139146
2017-05-25 10:37:49.926100000,175.59834,0.20668683
2017-05-25 10:37:49.942400000,175.60000,4.65395000
2017-05-25 10:37:49.958900000,175.60004,5.70750335
2017-05-25 10:37:52.481900000,174.67620,0.25327060
2017-05-25 10:37:52.497200000,174.67619,3.50414691
2017-05-25 10:37:52.500399999,174.67619,21.75300000
2017-05-25 10:37:52.512599999,174.67618,3.58092647
2017-05-25 10:37:52.524499999,174.63436,0.01020000
2017-05-25 10:37:52.536300000,174.57117,0.49845602
2017-05-25 10:38:00.367700000,175.50997,4.30914570
2017-05-25 10:38:03.445300000,175.49998,0.00016533
2017-05-25 10:38:03.450800000,175.49998,2.07656000
2017-05-25 10:38:03.456800000,175.49998,0.20247467
2017-05-25 10:38:30.766500000,175.28011,3.98113610
2017-05-25 10:38:30.784300000,175.28012,4.76108339
2017-05-25 10:38:30.788800000,175.28012,1.25778051
2017-05-25 10:38:35.082500000,175.28004,0.07160942
2017-05-25 10:38:35.098900000,174.57117,4.48884042
2017-05-25 10:38:35.111600000,174.50110,0.63955016
2017-05-25 10:38:35.234000000,175.28012,0.56784868
2017-05-25 10:38:35.239100000,175.28012,0.00130770
2017-05-25 10:38:45.642400000,175.28004,0.01021021
2017-05-25 10:38:45.660000000,175.28012,0.25075230
2017-05-25 10:38:45.664700000,175.28012,2.05105400
2017-05-25 10:38:45.668500000,175.28012,0.90769875
2017-05-25 10:38:45.673000000,175.28012,3.05327467
2017-05-25 10:38:45.683400000,175.49999,0.01020000
2017-05-25 10:38:45.693100000,175.60004,1.29249665
2017-05-25 10:38:45.703300000,175.68100,0.08000000
2017-05-25 10:38:45.733900000,175.69819,0.14617113
2017-05-25 10:38:45.744700000,175.75000,0.11385600
2017-05-25 10:38:45.755400000,175.78469,0.79493503
2017-05-25 10:38:45.765900000,175.78959,0.18366841
2017-05-25 10:38:45.776400000,175.83158,0.05065307
2017-05-25 10:38:45.817600000,175.90333,0.03440704
2017-05-25 10:38:45.827600000,175.97287,2.26152274
2017-05-25 10:39:35.643800000,175.00000,17.14285714
2017-05-25 10:39:35.655600000,175.00000,12.85714286
2017-05-25 10:39:56.159000000,175.30001,0.15410000
2017-05-25 10:40:10.316100000,175.49979,1.11230000
2017-05-25 10:40:14.269900000,175.49979,0.11170000
2017-05-25 10:40:14.982600000,175.49979,0.21163735
2017-05-25 10:40:14.989600000,175.49979,1.56436265
2017-05-25 10:40:15.003200000,175.30001,4.72250000
2017-05-25 10:40:15.116400000,175.30000,7.33029092
2017-05-25 10:40:15.130800000,175.00002,3.09866409
2017-05-25 10:40:15.144600000,175.00000,2.14285714
2017-05-25 10:40:15.151600000,175.00000,13.50000000
2017-05-25 10:40:15.157900000,175.00000,17.42968785
2017-05-25 10:40:25.706700000,175.29998,0.06210000
2017-05-25 10:40:25.730800000,175.29999,2.05613800
2017-05-25 10:40:27.275800000,175.29999,1.62195640
2017-05-25 10:40:27.288700000,175.30000,0.06210000
2017-05-25 10:40:27.300000000,175.50000,18.31594360
2017-05-25 10:40:27.454200000,175.00000,5.31357000
2017-05-25 10:40:27.462400000,175.00000,0.38100890
2017-05-25 10:40:27.467800000,175.00000,0.16411318
2017-05-25 10:40:27.474000000,175.00000,0.02951962
2017-05-25 10:40:27.480500000,175.00000,1.62195640
2017-05-25 10:40:27.486700000,175.00000,0.06210000
2017-05-25 10:40:27.496000000,175.00000,10.74367550
2017-05-25 10:40:27.506300000,175.00000,0.06210000
2017-05-25 10:40:27.517700000,175.00000,1.62195640
2017-05-25 10:40:37.248600000,175.00000,2.00000000
2017-05-25 10:40:43.478000000,175.29999,2.01743800
2017-05-25 10:40:44.997500000,175.00001,0.14720774
2017-05-25 10:40:45.019800000,175.00000,0.35279226
2017-05-25 10:40:45.223800000,175.00000,0.01020000
2017-05-25 10:40:47.852600000,175.29998,3.76932393
2017-05-25 10:40:47.886800000,175.49979,7.53864787
2017-05-25 10:40:47.903700000,175.50000,12.06212117
2017-05-25 10:41:21.377600000,175.00000,10.00018642
2017-05-25 10:41:21.387500000,175.00000,0.03083919
2017-05-25 10:41:21.393400000,175.00000,7.41816487
2017-05-25 10:41:21.399400000,175.00000,2.55080952
2017-05-25 10:41:32.455300000,175.00002,0.12990000
2017-05-25 10:41:38.117800000,175.49988,0.47969200
2017-05-25 10:41:54.069500000,175.00001,0.92810000
2017-05-25 10:41:54.094900000,175.00002,0.01930000
2017-05-25 10:41:54.109800000,175.49988,1.88741000
2017-05-25 10:42:00.972000000,175.00000,0.00100000
2017-05-25 10:42:00.981000000,175.00000,0.00035454
2017-05-25 10:42:01.623700000,175.00001,0.01930000
2017-05-25 10:42:06.230000000,175.29999,0.02340000
2017-05-25 10:42:11.419700000,175.49976,5.50053990
2017-05-25 10:42:11.438600000,175.49985,2.75026995
2017-05-25 10:42:11.456600000,175.49988,0.67625930
2017-05-25 10:42:11.471200000,175.49999,1.54284000
2017-05-25 10:42:11.485500000,175.50000,5.60843523
2017-05-25 10:42:11.491700000,175.50000,1.00000000
2017-05-25 10:42:11.688800000,175.97287,0.50000000
2017-05-25 10:42:16.349100000,175.50000,0.10000000
2017-05-25 10:42:17.240500000,175.50000,5.00000000
2017-05-25 10:42:17.257799999,175.29999,1.66230000
2017-05-25 10:42:22.307500000,175.20000,2.83481000
2017-05-25 10:42:23.950000000,175.20000,0.00100000
2017-05-25 10:42:31.774100000,175.00011,0.03583393
2017-05-25 10:42:32.249100000,175.00011,0.05350419
2017-05-25 10:42:32.254900000,175.00011,5.48340000
2017-05-25 10:42:32.259400000,175.00011,2.14074626
2017-05-25 10:42:32.272800000,175.00010,10.94817682
2017-05-25 10:42:32.287300000,175.00000,6.37417273
2017-05-25 10:42:34.585700000,175.20000,1.28760000
2017-05-25 10:42:35.689600000,175.20000,11.10000000
2017-05-25 10:42:41.074200000,175.20000,2.83481000
2017-05-25 10:42:49.476200000,175.00012,0.04210202
2017-05-25 10:42:49.493600000,175.00001,5.00000000
2017-05-25 10:42:50.089100000,175.00000,5.00000000
2017-05-25 10:42:54.037900000,175.19998,0.10087913
2017-05-25 10:42:54.055000000,175.20000,0.18450899
2017-05-25 10:43:08.361700000,175.00013,0.10000000
2017-05-25 10:43:16.437000000,175.00000,0.15410000
2017-05-25 10:43:25.338900000,175.00000,0.01860000
2017-05-25 10:43:34.636700000,175.19996,0.01000000
2017-05-25 10:43:38.687000000,175.00000,5.00000000
2017-05-25 10:43:39.626300000,175.00000,12.09108228
2017-05-25 10:43:39.632100000,175.00000,12.90891772
2017-05-25 10:43:57.524800000,175.49964,2.28296000
2017-05-25 10:44:08.725900000,175.00001,0.00100000
2017-05-25 10:44:08.730400000,175.00001,4.54140000
2017-05-25 10:44:08.744900000,175.00000,20.45760000
2017-05-25 10:44:32.515499999,175.89993,7.79268955
2017-05-25 10:44:43.426600000,175.89993,2.50000000
2017-05-25 10:44:46.238000000,175.00001,0.16363402
2017-05-25 10:44:46.257100000,175.00000,6.83636598
2017-05-25 10:44:46.264200000,175.00000,5.00000000
2017-05-25 10:44:48.333500000,175.89993,0.40000000
2017-05-25 10:44:54.570800000,175.89993,2.50000000
2017-05-25 10:45:05.165600000,175.00007,5.73800000
2017-05-25 10:45:05.284400000,175.00000,4.79711630
2017-05-25 10:45:05.290000000,175.00000,2.00000000
2017-05-25 10:45:05.293400000,175.00000,7.00000000
2017-05-25 10:45:05.298200000,175.00000,2.00000000
2017-05-25 10:45:05.310600000,174.98001,2.74840000
2017-05-25 10:45:05.338300000,174.98000,0.71648370
2017-05-25 10:45:12.177200000,175.89992,0.16913962
2017-05-25 10:45:12.195500000,175.89999,9.83086038
2017-05-25 10:45:18.013200000,175.00002,5.19370000
2017-05-25 10:45:18.044800000,175.00001,0.69451170
2017-05-25 10:45:21.973900000,175.89998,3.00000000
2017-05-25 10:45:22.715100000,175.89998,0.66801674
2017-05-25 10:45:22.726600000,175.89999,3.38498326
2017-05-25 10:45:40.677200000,175.00008,12.55186000
2017-05-25 10:45:40.695000000,175.00003,0.25405962
2017-05-25 10:45:40.710400000,175.00002,4.88570000
2017-05-25 10:45:40.727100000,175.00001,24.30548830
2017-05-25 10:45:40.730600000,175.00001,1.88246756
2017-05-25 10:45:40.745200000,174.98001,2.74840000
2017-05-25 10:45:40.821300000,174.98000,29.28351630
2017-05-25 10:45:40.836400000,174.55156,9.77149988
2017-05-25 10:45:40.853400000,174.55146,1.11899633
2017-05-25 10:45:40.869900000,174.50133,23.35900000
2017-05-25 10:45:40.885000000,174.50117,0.00100000
2017-05-25 10:45:41.046800000,174.50025,0.00100000
2017-05-25 10:45:41.072700000,174.50000,15.00000000
2017-05-25 10:45:41.078600000,174.50000,5.02057000
2017-05-25 10:45:41.082900000,174.50000,57.30659025
2017-05-25 10:45:41.097900000,174.49990,12.50985176
2017-05-25 10:45:41.380900000,174.49990,1.14488000
2017-05-25 10:45:46.370300000,175.89998,0.09100000
2017-05-25 10:45:48.361500000,174.49990,25.00000000
2017-05-25 10:46:01.665200000,175.00002,4.13110000
2017-05-25 10:46:06.791600000,175.00000,0.27371000
2017-05-25 10:46:07.548000000,175.00000,1.41557000
2017-05-25 10:46:21.619300000,175.00000,1.66100062
2017-05-25 10:46:24.793200000,174.49990,1.00000000
2017-05-25 10:46:28.632300000,174.99999,0.16269542
2017-05-25 10:46:28.642700000,175.00000,9.83730458
2017-05-25 10:46:46.377800000,174.99999,0.22819679
2017-05-25 10:46:46.398400000,175.00000,10.43960321
2017-05-25 10:46:57.048700000,174.99998,0.26016453
2017-05-25 10:46:57.068800000,175.00000,22.53779942
2017-05-25 10:47:01.398500000,174.49991,0.09362427
2017-05-25 10:47:02.580700000,174.49991,0.17463773
2017-05-25 10:47:02.599300000,174.49990,0.83943800
2017-05-25 10:47:02.728700000,174.49990,0.34650000
2017-05-25 10:47:05.655600000,174.99998,3.58377814
2017-05-25 10:47:05.777000000,175.00000,6.61093786
2017-05-25 10:47:07.424000000,175.00000,1.50000000
2017-05-25 10:47:08.783900000,175.00000,6.20855200
2017-05-25 10:47:10.342600000,175.00000,8.30929000
2017-05-25 10:47:13.514599999,175.00000,19.40885000
2017-05-25 10:47:19.370700000,174.99999,1.50000000
2017-05-25 10:47:19.393800000,175.00000,4.70855400
2017-05-25 10:47:21.462200000,175.00000,9.51821100
2017-05-25 10:47:21.910800000,175.00000,5.71428571
2017-05-25 10:47:23.013800000,174.49993,0.02500000
2017-05-25 10:47:27.191600000,174.99999,3.04803672
2017-05-25 10:47:27.209700000,175.00000,5.26125328
2017-05-25 10:47:34.043800000,175.00000,6.27697000
2017-05-25 10:47:47.883100000,174.99999,0.19306906
2017-05-25 10:47:47.906200000,175.00000,56.80693094
2017-05-25 10:47:54.027200000,175.00000,1.35686100
2017-05-25 10:47:54.546000000,175.00000,0.68724946
2017-05-25 10:47:58.337500000,174.99997,1.14760000
2017-05-25 10:47:58.355200000,175.00000,24.38581300
2017-05-25 10:47:59.612200000,175.00000,0.12199100
2017-05-25 10:48:00.632600000,175.00000,12.24950600
2017-05-25 10:48:03.300900000,174.50001,0.20351880
2017-05-25 10:48:06.380600000,175.00000,27.70640900
2017-05-25 10:48:09.316000000,174.99999,2.72848467
2017-05-25 10:48:09.337500000,175.00000,6.05053333
2017-05-25 10:48:09.411300000,175.00000,117.32703700
2017-05-25 10:48:11.086400000,175.00000,12.24950600
2017-05-25 10:48:12.517000000,174.50001,0.02510000
2017-05-25 10:48:25.091000000,174.95000,5.09497101
2017-05-25 10:48:25.102800000,174.95000,24.90502899
2017-05-25 10:48:25.117800000,174.99999,2.72848467
2017-05-25 10:48:25.134500000,175.00000,39.34969433
2017-05-25 10:48:25.581200000,175.00000,12.24950600
2017-05-25 10:48:29.331100000,175.00000,3.93463500
2017-05-25 10:48:34.838600000,174.99999,2.08990556
2017-05-25 10:48:34.857100000,175.00000,12.43351944
2017-05-25 10:48:37.702200000,175.00000,5.09819682
2017-05-25 10:48:40.833400000,174.99998,5.71428000
2017-05-25 10:48:40.851400000,174.50002,1.46959314
2017-05-25 10:48:40.866500000,174.50001,9.83773120
2017-05-25 10:48:40.881900000,174.50000,57.02005000
2017-05-25 10:48:40.887300000,174.50000,0.27371000
2017-05-25 10:48:40.891400000,174.50000,1.41557000
2017-05-25 10:48:40.907600000,174.49990,16.46595333
2017-05-25 10:48:40.911900000,174.49990,0.00100000
2017-05-25 10:48:40.995300000,174.49900,3.05000000
2017-05-25 10:48:41.009800000,174.45695,2.34000000
2017-05-25 10:48:41.025000000,174.45694,2.75670000
2017-05-25 10:48:41.040600000,174.45693,4.73380849
2017-05-25 10:48:41.056600000,174.36552,4.90885225
2017-05-25 10:48:41.503200000,174.20592,4.78893909
2017-05-25 10:48:41.518499999,174.20000,1.00000000
2017-05-25 10:48:41.533900000,174.17124,5.26828392
2017-05-25 10:48:41.558700000,174.09848,0.22876757
2017-05-25 10:48:41.750200000,174.05588,5.01047714
2017-05-25 10:48:41.765500000,174.00000,5.45977000
2017-05-25 10:48:41.772400000,174.00000,0.57471264
2017-05-25 10:48:41.777200000,174.00000,11.49425287
2017-05-25 10:48:41.781000000,174.00000,53.00000000
2017-05-25 10:48:41.964800000,174.00000,3.15501100
2017-05-25 10:48:43.366700000,174.00000,0.03253736
2017-05-25 10:48:59.890700000,175.89999,1.70305194
2017-05-25 10:48:59.909100000,175.90000,13.85038606
2017-05-25 10:49:06.358200000,175.90000,2.47045400
2017-05-25 10:49:10.934900000,175.00003,2.88471240
2017-05-25 10:49:25.285000000,175.89890,0.63955016
2017-05-25 10:49:25.293700000,175.89890,5.36044984
2017-05-25 10:49:26.507100000,175.89890,17.99700000
2017-05-25 10:49:26.528300000,175.90000,38.50300000
2017-05-25 10:49:41.873100000,175.89999,0.06883460
2017-05-25 10:49:41.886400000,175.90000,1.69986994
2017-05-25 10:49:41.895300000,175.97286,0.01870000
2017-05-25 10:49:41.905200000,175.97296,0.08000000
2017-05-25 10:49:41.916000000,175.98000,23.73259546
2017-05-25 10:50:18.287400000,175.00001,0.03536460
2017-05-25 10:50:23.894700000,175.00004,0.17830000
2017-05-25 10:50:23.911600000,175.97999,0.17830000
2017-05-25 10:50:23.926100000,175.98000,4.70461900
2017-05-25 10:50:29.376500000,175.98000,1.78672200
2017-05-25 10:50:47.570600000,175.97999,0.35971590
2017-05-25 10:51:17.395100000,175.97997,0.99965000
2017-05-25 10:51:26.298600000,175.83646,1.33474043
2017-05-25 10:51:30.687800000,175.97988,0.91808000
2017-05-25 10:51:34.416500000,175.00006,1.00000000
2017-05-25 10:51:35.396700000,175.00005,1.92940000
2017-05-25 10:51:36.321600000,175.00007,0.00154876
2017-05-25 10:51:43.000300000,175.97997,0.56000000
2017-05-25 10:51:44.370000000,175.97997,0.00327467
2017-05-25 10:52:06.665600000,175.97996,0.40000000
2017-05-25 10:52:32.593300000,175.97996,0.45236978
2017-05-25 10:52:35.426900000,175.00008,1.59859000
2017-05-25 10:52:51.269700000,175.00008,0.69774022
2017-05-25 10:52:58.419700000,175.98000,0.32390000
2017-05-25 10:53:06.070400000,175.97996,0.35964000
2017-05-25 10:53:10.401700000,175.97996,1.12034400
2017-05-25 10:53:21.768700000,175.98000,0.76970000
2017-05-25 10:53:22.875900000,175.97997,0.02540644
2017-05-25 10:53:22.895800000,175.97996,0.09189356
2017-05-25 10:53:34.479400000,175.98000,0.40000000
2017-05-25 10:53:35.614300000,175.97997,0.00100000
2017-05-25 10:53:35.620800000,175.97997,0.00012200
2017-05-25 10:53:43.547800000,175.98000,12.24578400
2017-05-25 10:53:45.045300000,175.98000,1.38667954
2017-05-25 10:53:45.153200000,175.98609,0.68999146
2017-05-25 10:53:45.169200000,175.98609,1.38655400
2017-05-25 10:53:45.180600000,175.99099,0.46910356
2017-05-25 10:53:56.996200000,175.99100,2.52361000
2017-05-25 10:54:03.340900000,175.99099,0.55394666
2017-05-25 10:54:03.356400000,175.99100,0.04605334
2017-05-25 10:54:14.913600000,175.99100,17.43033666
2017-05-25 10:54:15.030800000,175.99999,0.51823878
2017-05-25 10:54:15.048000000,176.00000,12.73687000
2017-05-25 10:54:15.053600000,176.00000,1.00000000
2017-05-25 10:54:15.057200000,176.00000,8.13203000
2017-05-25 10:54:15.061500000,176.00000,0.15505556
2017-05-25 10:54:15.506100000,176.00000,1.39560400
2017-05-25 10:54:15.726700000,176.00000,11.93034500
2017-05-25 10:54:15.823800000,176.00000,1.61899544
2017-05-25 10:54:15.828200000,176.00000,2.00000000
2017-05-25 10:54:15.832500000,176.00000,5.00000000
2017-05-25 10:54:15.837000000,176.00000,5.00000000
2017-05-25 10:54:15.841800000,176.00000,0.10000000
2017-05-25 10:54:15.847700000,176.00000,18.00000000
2017-05-25 10:54:15.851600000,176.00000,0.07355047
2017-05-25 10:54:15.854300000,176.00000,2.77073905
2017-05-25 10:54:15.857200000,176.00000,2.00000000
2017-05-25 10:54:15.860100000,176.00000,2.00000000
2017-05-25 10:54:15.864100000,176.00000,5.00000000
2017-05-25 10:54:15.880300000,176.05198,0.49790000
2017-05-25 10:54:15.884700000,176.05198,0.16436000
2017-05-25 10:54:15.900500000,176.09549,0.16289411
2017-05-25 10:54:15.916000000,176.17052,1.03647757
2017-05-25 10:54:15.932400000,176.17083,0.56763000
2017-05-25 10:54:15.975000000,176.19993,23.45069136
2017-05-25 10:54:28.253600000,175.99999,0.51823878
2017-05-25 10:54:30.417100000,176.17073,0.71545723
2017-05-25 10:55:34.816500000,176.00009,0.24789144
2017-05-25 10:55:34.822600000,176.00009,0.00100000
2017-05-25 10:55:34.839700000,176.00007,2.95555300
2017-05-25 10:55:36.013000000,176.00007,14.29108474
2017-05-25 10:56:00.368800000,176.19991,0.24409642
2017-05-25 10:56:00.388100000,176.19993,20.03475258
2017-05-25 10:56:01.047200000,176.00008,2.00000000
2017-05-25 10:56:01.051200000,176.00008,5.17970000
2017-05-25 10:56:01.186100000,176.00007,6.04464226
2017-05-25 10:56:01.201500000,176.00003,0.41655492
2017-05-25 10:56:01.205400000,176.00003,0.16810000
2017-05-25 10:56:01.220700000,176.00002,0.20020020
2017-05-25 10:56:01.236100000,176.00000,14.58176122
2017-05-25 10:56:01.241000000,176.00000,12.00000000
2017-05-25 10:56:02.748600000,176.00000,53.59074000
2017-05-25 10:56:06.372700000,176.00000,0.41655492
2017-05-25 10:56:06.626400000,176.00000,0.16810000
2017-05-25 10:56:13.779000000,176.00000,8.59800000
2017-05-25 10:56:25.495400000,176.00000,1.13636363
2017-05-25 10:56:27.166400000,176.00000,0.57192400
2017-05-25 10:56:27.535200000,175.99999,0.14880000
2017-05-25 10:56:28.703000000,176.00000,11.23115900
2017-05-25 10:56:30.596700000,176.00000,0.50000000
2017-05-25 10:56:40.951200000,176.00000,112.00000000
2017-05-25 10:56:41.833100000,176.00000,0.15644900
2017-05-25 10:56:44.922200000,176.00000,0.34650000
2017-05-25 10:56:52.961600000,176.00000,1.59064300
2017-05-25 10:56:55.936400000,175.99999,0.13040711
2017-05-25 10:56:59.313700000,175.99999,0.48938451
2017-05-25 10:56:59.333600000,176.00000,9.77071586
2017-05-25 10:56:59.974300000,176.00000,2.00000000
2017-05-25 10:57:06.067400000,176.00000,0.12140000
2017-05-25 10:57:14.310800000,175.99999,0.19972200
2017-05-25 10:57:14.591000000,175.99999,0.41014311
2017-05-25 10:57:14.609400000,176.00000,0.24505289
2017-05-25 10:57:14.887500000,176.00000,10.00000000
2017-05-25 10:57:17.547600000,175.99996,4.48137600
2017-05-25 10:57:17.573000000,176.00000,21.48078309
2017-05-25 10:57:21.082600000,175.98003,1.00000000
2017-05-25 10:57:23.752000000,176.00000,1.01290000
2017-05-25 10:57:26.433800000,175.98003,1.00000000
2017-05-25 10:57:32.257299999,176.00000,2.34210000
2017-05-25 10:57:43.634400000,175.99999,0.05951220
2017-05-25 10:57:43.651200000,176.00000,26.91137180
2017-05-25 10:57:43.964300000,175.98004,1.00000000
2017-05-25 10:57:46.297000000,176.00000,16.47994500
2017-05-25 10:57:53.616700000,175.99999,0.52619089
2017-05-25 10:57:53.635500000,176.00000,2.13687611
2017-05-25 10:57:53.750000000,176.00000,11.29547700
2017-05-25 10:57:53.931100000,175.98004,1.00000000
2017-05-25 10:57:54.017500000,176.00000,8.30361000
2017-05-25 10:57:54.036200000,176.00000,30.74819400
2017-05-25 10:57:54.452400000,176.00000,6.55425600
2017-05-25 10:57:54.509499999,176.00000,41.21183200
2017-05-25 10:57:55.535800000,175.98004,1.24000000
2017-05-25 10:57:56.772300000,175.98004,1.70000000
2017-05-25 10:57:56.804400000,176.00000,135.05925500
2017-05-25 10:57:58.221100000,176.00000,10.68341536
2017-05-25 10:57:58.790900000,176.00000,5.00000000
2017-05-25 10:57:58.798500000,176.00000,5.85017900
2017-05-25 10:57:59.346400000,176.00000,2.85710000
2017-05-25 10:58:02.919500000,175.99999,0.05535481
2017-05-25 10:58:09.679900000,175.98005,1.96000000
2017-05-25 10:58:11.478800000,175.98005,0.96000000
2017-05-25 10:58:13.160000000,176.00000,18.10230700
2017-05-25 10:58:15.652000000,175.98004,0.04000000
2017-05-25 10:58:17.133399999,176.00000,6.50000000
2017-05-25 10:58:21.533599999,175.98005,0.45000000
2017-05-25 10:58:22.761500000,176.00000,0.58360000
2017-05-25 10:58:27.733700000,176.00000,0.23928717
2017-05-25 10:58:31.819400000,176.00000,2.85710000
2017-05-25 10:58:35.310600000,175.98006,0.00970369
2017-05-25 10:58:35.331400000,175.98005,0.39029631
2017-05-25 10:58:35.595700000,175.98005,0.60000000
2017-05-25 10:58:47.628100000,175.98006,0.01377900
2017-05-25 10:58:57.846700000,175.98004,0.21000000
2017-05-25 10:58:58.038900000,175.98004,0.16723535
2017-05-25 10:59:04.575900000,176.00000,6.91053803
2017-05-25 10:59:04.774500000,175.99999,0.16800000
2017-05-25 10:59:04.791600000,175.98006,0.01908660
2017-05-25 10:59:04.807500000,175.98004,0.21291340
2017-05-25 10:59:05.027700000,175.98004,29.00000000
2017-05-25 10:59:07.624100000,176.00000,5.99566307
2017-05-25 10:59:23.534400000,175.99999,0.79133848
2017-05-25 10:59:23.561700000,176.00000,0.20866152
2017-05-25 10:59:23.856700000,176.00000,10.00000000
2017-05-25 10:59:26.679000000,176.00000,1.00000000
2017-05-25 10:59:28.050800000,176.00000,3.00490000
2017-05-25 10:59:34.885100000,176.00000,1.00000000
2017-05-25 10:59:39.640500000,176.00000,16.47410000
2017-05-25 10:59:46.312800000,176.00000,1.28810000
2017-05-25 10:59:49.560300000,176.00000,0.40580000
2017-05-25 10:59:55.698000000,175.99999,0.73110227
2017-05-25 10:59:56.562100000,176.00000,2.85440000
2017-05-25 10:59:59.980400000,176.00000,4.09631728
2017-05-25 11:00:00.346700000,176.00000,0.00909090
2017-05-25 11:00:04.453400000,175.99999,0.31880000
2017-05-25 11:00:04.469400000,175.99999,0.63529372
2017-05-25 11:00:04.485900000,176.00000,0.04590628
2017-05-25 11:00:04.865700000,175.98007,0.15990000
2017-05-25 11:00:18.818700000,176.00000,12.00000000
2017-05-25 11:00:22.885500000,176.00000,11.99468200
2017-05-25 11:00:37.773000000,176.00000,0.07860227
2017-05-25 11:00:37.787900000,176.00000,0.06084317
2017-05-25 11:00:43.417000000,176.00000,13.35227500
2017-05-25 11:00:43.907400000,176.00000,1.32943300
2017-05-25 11:00:44.035500000,175.99999,1.21640000
2017-05-25 11:00:45.733000000,176.00000,7.25028400
2017-05-25 11:00:47.798800000,175.99999,0.22870000
2017-05-25 11:00:48.086700000,176.00000,0.16488000
2017-05-25 11:00:48.673700000,176.00000,14.00000000
2017-05-25 11:00:52.845200000,176.00000,7.34401900
2017-05-25 11:00:52.984300000,176.00000,0.57286200
2017-05-25 11:00:52.993600000,176.00000,5.93209300
2017-05-25 11:00:53.461000000,175.99999,1.39842167
2017-05-25 11:00:53.467500000,175.99999,0.00100000
2017-05-25 11:00:53.471300000,175.99999,27.14809833
2017-05-25 11:00:54.256600000,176.00000,6.42465800
2017-05-25 11:00:55.629700000,176.00000,1.94923300
2017-05-25 11:00:57.238500000,176.00000,5.43814300
2017-05-25 11:01:03.109900000,176.00000,4.16636200
2017-05-25 11:01:04.078200000,176.00000,4.83407400
2017-05-25 11:01:05.451900000,176.00000,1.25613100
2017-05-25 11:01:07.050200000,176.00000,12.19703000
2017-05-25 11:01:12.025500000,176.00000,3.28199600
2017-05-25 11:01:21.018500000,176.00000,0.22498800
2017-05-25 11:01:29.696400000,176.00000,0.86817049
2017-05-25 11:01:32.490900000,176.00000,11.36363000
2017-05-25 11:01:34.475700000,176.00000,43.74637500
2017-05-25 11:01:35.757200000,176.00000,0.58140000
2017-05-25 11:01:49.934100000,175.99999,1.03443100
2017-05-25 11:02:01.700400000,176.00000,10.00000000
2017-05-25 11:02:16.301700000,176.00000,2.83000000
2017-05-25 11:02:19.793300000,176.00000,0.25345084
2017-05-25 11:02:26.571000000,176.00000,53.02613500
2017-05-25 11:02:30.950200000,176.00000,57.94252599
2017-05-25 11:02:30.955300000,176.00000,0.16723491
2017-05-25 11:02:30.958900000,176.00000,0.10000000
2017-05-25 11:02:30.962700000,176.00000,0.00600899
2017-05-25 11:02:30.968300000,176.00000,1.25444911
2017-05-25 11:02:35.750800000,176.00000,0.60671949
2017-05-25 11:02:35.758000000,176.00000,0.54000000
2017-05-25 11:02:35.763400000,176.00000,0.64448000
2017-05-25 11:02:51.880400000,176.09420,0.01148000
2017-05-25 11:02:54.806500000,176.09420,3.35484730
2017-05-25 11:02:54.827300000,176.09421,0.18125000
2017-05-25 11:03:00.050700000,176.19993,1.00000000
2017-05-25 11:03:14.464300000,176.09419,0.05020285
2017-05-25 11:03:14.480700000,176.19992,0.54711974
2017-05-25 11:03:14.498400000,176.19993,0.59394974
2017-05-25 11:03:25.195100000,176.00001,5.00000000
2017-05-25 11:03:30.572300000,176.00002,2.61150000
2017-05-25 11:03:30.588600000,176.00001,19.73923292
2017-05-25 11:03:30.595500000,176.00001,27.64926708
2017-05-25 11:03:43.732300000,176.19991,0.77573525
2017-05-25 11:03:43.746000000,176.19993,5.25187098
2017-05-25 11:03:46.446100000,176.19993,9.20000000
2017-05-25 11:03:49.976500000,176.19993,20.46873534
2017-05-25 11:03:50.004200000,176.20000,10.00000000
2017-05-25 11:03:50.020400000,176.20226,0.14464325
2017-05-25 11:03:50.037300000,176.21462,0.07700144
2017-05-25 11:03:50.053100000,176.22227,0.01294899
2017-05-25 11:03:50.311600000,176.38166,0.35282098
2017-05-25 11:03:50.351600000,176.38166,0.08871875
2017-05-25 11:03:50.361500000,176.42605,1.91128125
2017-05-25 11:03:50.375000000,176.42605,0.17691086
2017-05-25 11:03:50.386300000,176.44482,1.00000000
2017-05-25 11:03:50.396000000,176.50000,1.82308914
2017-05-25 11:03:50.991200000,176.50000,18.17691086
2017-05-25 11:03:58.233600000,176.50002,1.75145000
2017-05-25 11:04:11.226100000,176.50009,1.00000000
2017-05-25 11:04:15.846500000,176.52778,0.04563300
2017-05-25 11:04:15.878600000,176.61931,3.30564100
2017-05-25 11:04:21.412500000,176.61931,0.03435900
2017-05-25 11:04:21.433300000,176.69773,25.87082000
2017-05-25 11:04:21.564200000,176.69773,0.52252700
2017-05-25 11:04:24.522599999,176.69773,11.33600000
2017-05-25 11:04:25.569300000,176.69773,10.00000000
2017-05-25 11:04:31.895400000,176.69772,15.87787000
2017-05-25 11:04:34.799200000,176.50011,0.16923389
2017-05-25 11:04:36.337100000,176.50009,0.00666611
2017-05-25 11:04:36.347700000,176.69772,39.99333389
2017-05-25 11:04:36.607200000,176.69772,101.01477000
2017-05-25 11:04:36.756100000,176.19993,0.11918000
2017-05-25 11:04:36.770600000,176.09422,0.41500000
2017-05-25 11:04:36.784800000,176.09421,0.58140000
2017-05-25 11:04:36.792000000,176.09421,18.88442000
2017-05-25 11:04:38.689700000,176.69772,44.41379400
2017-05-25 11:04:39.404000000,176.69772,11.43777900
2017-05-25 11:05:10.533900000,176.09428,30.00000000
2017-05-25 11:05:24.996100000,176.50013,0.57887700
2017-05-25 11:05:34.589800000,176.67794,0.13281300
2017-05-25 11:05:38.910300000,176.67795,0.27000000
2017-05-25 11:05:38.917400000,176.67795,0.05000000
2017-05-25 11:05:38.933200000,176.69771,8.95055600
2017-05-25 11:05:40.254900000,176.69771,28.29851500
2017-05-25 11:05:46.892400000,176.67795,0.00626442
2017-05-25 11:05:46.897200000,176.67795,0.63916256
2017-05-25 11:05:46.900300000,176.67795,0.65000000
2017-05-25 11:05:46.903300000,176.67795,0.39000000
2017-05-25 11:05:46.907500000,176.67795,0.00457302
2017-05-25 11:05:46.923800000,176.69771,19.79183200
2017-05-25 11:05:57.017400000,176.50019,0.01445516
2017-05-25 11:05:58.657400000,176.69770,0.33875162
2017-05-25 11:05:58.675900000,176.69772,148.78164538
2017-05-25 11:05:59.434000000,176.69772,16.49560300
2017-05-25 11:06:03.132399999,176.69772,0.54870590
2017-05-25 11:06:06.538200000,176.69770,1.13187000
2017-05-25 11:06:11.244800000,176.69770,11.03495800
2017-05-25 11:06:15.427800000,176.69770,0.23995500
2017-05-25 11:06:16.573800000,176.69770,10.00000000
2017-05-25 11:06:42.236700000,176.69768,56.17977528
2017-05-25 11:06:45.615500000,176.67795,0.00457302
2017-05-25 11:06:57.451800000,176.50030,2.72768255
2017-05-25 11:06:57.456000000,176.50030,0.38191770
2017-05-25 11:06:57.471300000,176.50039,1.23114443
2017-05-25 11:06:57.485600000,176.69758,7.99810702
2017-05-25 11:07:01.330100000,176.69770,1.00000000
2017-05-25 11:07:10.874000000,176.69771,0.13000000
2017-05-25 11:07:10.929300000,176.69771,0.01180000
2017-05-25 11:07:10.945800000,176.69771,3.53071442
2017-05-25 11:07:11.184000000,176.69772,10.00000000
2017-05-25 11:07:19.592200000,176.69772,16.30188200
2017-05-25 11:07:23.990600000,176.69772,0.24492800
2017-05-25 11:07:28.897000000,176.69772,3.47383700
2017-05-25 11:07:34.085200000,176.69771,0.23000000
2017-05-25 11:07:35.905200000,176.69771,3.99930000
2017-05-25 11:07:36.398000000,176.69772,0.10000000
2017-05-25 11:07:39.803600000,176.69771,214.09818558
2017-05-25 11:07:39.830900000,176.69770,1.66114830
2017-05-25 11:07:45.704400000,176.50020,0.00100000
2017-05-25 11:07:45.723200000,176.50019,0.76900000
2017-05-25 11:07:47.122200000,176.50019,20.00000000
2017-05-25 11:07:50.397000000,176.60000,1.50000000
2017-05-25 11:07:51.441900000,176.60000,45.24243200
2017-05-25 11:07:53.054100000,176.60000,20.14037300
2017-05-25 11:07:54.726400000,176.60000,3.47074000
2017-05-25 11:07:55.039600000,176.60000,2.64187307
2017-05-25 11:07:55.998700000,176.60000,1.07394400
2017-05-25 11:07:57.612000000,176.60000,2.00000000
2017-05-25 11:07:57.715100000,176.60000,3.84845060
2017-05-25 11:07:58.581400000,176.60000,1.09483700
2017-05-25 11:07:58.794500000,176.60000,1.03866368
2017-05-25 11:08:00.778300000,176.60000,2.38281200
2017-05-25 11:08:01.446300000,176.60000,3.26387200
2017-05-25 11:08:01.740700000,176.60000,2.00000000
2017-05-25 11:08:03.048500000,176.60000,2.00000000
2017-05-25 11:08:03.950100000,176.50019,0.75000000
2017-05-25 11:08:06.701300000,176.50019,0.57507468
2017-05-25 11:08:10.811500000,176.59999,1.35814400
2017-05-25 11:08:13.534200000,176.59999,1.81255508
2017-05-25 11:08:13.558800000,176.60000,0.82973692
2017-05-25 11:08:14.453800000,176.60000,1.28914800
2017-05-25 11:08:16.425600000,176.50020,0.26584857
2017-05-25 11:08:16.440800000,176.50019,1.27570016
2017-05-25 11:08:16.453200000,176.50012,0.00100000
2017-05-25 11:08:16.465100000,176.30021,7.28845204
2017-05-25 11:08:16.478900000,176.30000,10.00000000
2017-05-25 11:08:16.584200000,176.09428,11.16899923
2017-05-25 11:08:20.512100000,176.59998,3.17069908
2017-05-25 11:08:20.529599999,176.60000,2.28513892
2017-05-25 11:08:21.504200000,176.60000,1.74314600
2017-05-25 11:08:21.591900000,176.60000,7.66151800
2017-05-25 11:08:22.251900000,176.60000,2.56478815
2017-05-25 11:08:24.968900000,176.60000,1.35814400
2017-05-25 11:08:25.041300000,176.59002,0.25000000
2017-05-25 11:08:31.010000000,176.59998,1.95140000
2017-05-25 11:08:32.290100000,176.59998,0.35533400
2017-05-25 11:08:33.042900000,176.59998,0.86396508
2017-05-25 11:08:33.063700000,176.60000,6.31272892
2017-05-25 11:08:39.905600000,176.59003,0.05937715
2017-05-25 11:08:40.968400000,176.60000,4.28036500
2017-05-25 11:08:41.202800000,176.60000,24.18140700
2017-05-25 11:08:43.478200000,176.60000,0.10840000
2017-05-25 11:08:45.577200000,176.60000,0.24524700
2017-05-25 11:08:50.100400000,176.59999,0.68835500
2017-05-25 11:09:01.362100000,176.59999,0.12750000
2017-05-25 11:09:02.694600000,176.59890,0.00000140
2017-05-25 11:09:02.704300000,176.59890,1.25523860
2017-05-25 11:09:09.336000000,176.59890,0.20094996
2017-05-25 11:09:13.661600000,176.59888,0.71872300
2017-05-25 11:09:15.229600000,176.59888,0.51518600
2017-05-25 11:09:27.866000000,176.59888,0.03262175
2017-05-25 11:09:33.386300000,176.59003,0.02000000
2017-05-25 11:09:40.354000000,176.59003,0.18323392
2017-05-25 11:09:40.370100000,176.59002,0.02000000
2017-05-25 11:09:40.374400000,176.59002,0.00100000
2017-05-25 11:09:40.389500000,176.50000,0.05276608
2017-05-25 11:09:53.567400000,176.59890,23.47429853
2017-05-25 11:09:53.587500000,176.60000,16.04820147
2017-05-25 11:10:03.776200000,176.60000,9.75403613
2017-05-25 11:10:07.528100000,176.60000,3.00000000
2017-05-25 11:10:11.578400000,176.60000,38.85140000
2017-05-25 11:10:19.528699999,176.60000,5.00000000
2017-05-25 11:10:33.556200000,176.60000,28.48368969
2017-05-25 11:10:45.595100000,176.59999,0.22200000
2017-05-25 11:11:18.415900000,176.59999,0.18781200
